name,id,iso,longitude,latitude,Family,Subgroup1
E Tetun,east2473,tet,126.01121,-8.95634,Austronesian,Timor-Babar
Fehan Tetun,sout2898,tet,124.9928,-9.41385,Austronesian,Timor-Babar
Foho Tetun,nort2869,tet,124.91446,-9.16003,Austronesian,Timor-Babar
Habun,habu1241,hbu,126.03315,-8.68059,Austronesian,Timor-Babar
Kairui-Midiki,kair1265,krd,126.14737,-8.73037,Austronesian,Timor-Babar
Naueti,naue1237,nxa,126.62814,-8.73528,Austronesian,Timor-Babar
Waima'a,waim1252,wmh,126.27321,-8.56634,Austronesian,Timor-Babar
Helong,helo1243,heg,123.377,-10.2647,Austronesian,Timor-Babar
Idate,idat1237,idt,125.76053,-8.93441,Austronesian,Timor-Babar
Lakalei,laka1255,lka,125.88587,-8.74639,Austronesian,Timor-Babar
Korbafo,korb1237,twu,123.22607,-10.63393,Austronesian,Timor-Babar
Termanu,term1237,twu,123.1354,-10.69593,Austronesian,Timor-Babar
Landu,land1257,rgu,123.28497,-10.55024,Austronesian,Timor-Babar
Oepao,oepa1237,rgu,123.41206,-10.64323,Austronesian,Timor-Babar
Rikou,ring1244,rgu,123.37486,-10.61998,Austronesian,Timor-Babar
Bilbaa,bilb1242,bpz,123.307,-10.6503,Austronesian,Timor-Babar
Bokai,boka1251,twu,123.23227,-10.73855,Austronesian,Timor-Babar
Ba'a,baaa1237,llg,123.05558,-10.75018,Austronesian,Timor-Babar
Lole,lole1239,llg,123.085,-10.8069,Austronesian,Timor-Babar
Tii,tiii1241,txq,122.963,-10.8425,Austronesian,Timor-Babar
Amabi,TEMP0001,aoz,124.05345,-10.11521,Austronesian,Timor-Babar
Amanatun,TEMP0000,aoz,124.70801,-9.77616,Austronesian,Timor-Babar
Amanuban,aman1264,aoz,124.37866,-9.97821,Austronesian,Timor-Babar
Amfo'an,amfo1237,aoz,123.92198,-9.58242,Austronesian,Timor-Babar
Baikeno,baik1238,bkx,124.256,-9.32991,Austronesian,Timor-Babar
Biboki,bibo1238,aoz,124.71632,-9.23369,Austronesian,Timor-Babar
Fatule'u,TEMP0002,aoz,123.83895,-9.92839,Austronesian,Timor-Babar
Insana,TEMP0003,aoz,124.58347,-9.4219,Austronesian,Timor-Babar
Kopas,TEMP0024,aoz,123.62722,-10.28819,Austronesian,Timor-Babar
Kotos Amarasi,koto1251,aaz,123.88507,-10.225408,Austronesian,Timor-Babar
Kusa-Manea,kusa1252,aoz,124.83533,-9.43574,Austronesian,Timor-Babar
Miomafo,TEMP0010,aoz,124.43124,-9.5077,Austronesian,Timor-Babar
Molo,moll1242,aoz,124.20706,-9.69036,Austronesian,Timor-Babar
Ro'is Amarasi,rois1241,aaz,123.710355,-10.30116,Austronesian,Timor-Babar
Timaus,TEMP0025,aoz,123.75869,-10.21346,Austronesian,Timor-Babar
Dela-Oenale,dela1251,row,122.852,-10.8469,Austronesian,Timor-Babar
Dengka,deng1253,dnk,122.946,-10.7866,Austronesian,Timor-Babar
"Babar, North",nort2860,bcd,129.743,-7.84311,Austronesian,Timor-Babar
Dai,daii1240,dij,129.687,-7.55894,Austronesian,Timor-Babar
"Damar, West",west2548,drn,128.585,-7.12065,Austronesian,Timor-Babar
Dawera-Daweloor,dawe1237,ddw,130.06,-7.76324,Austronesian,Timor-Babar
"Babar, Southeast",sout2883,vbb,129.8,-7.94359,Austronesian,Timor-Babar
Central Marsela,cent2072,mxz,129.865,-8.15414,Austronesian,Timor-Babar
Emplawas,empl1237,emw,129.721,-8.03209,Austronesian,Timor-Babar
Imroing,imro1237,imr,129.651,-7.96772,Austronesian,Timor-Babar
"Marsela, East",east2462,vme,129.873,-8.13455,Austronesian,Timor-Babar
"Marsela, West",west2535,mss,129.833,-8.1804,Austronesian,Timor-Babar
Serili,seri1255,sve,129.901,-8.11241,Austronesian,Timor-Babar
Tela-Masbuar,tela1241,tvm,129.687,-8.01195,Austronesian,Timor-Babar
"Damar, East",east2472,dmr,128.636,-7.16991,Austronesian,Timor-Babar
Kisar,kisa1266,kje,127.18,-8.05122,Austronesian,Timor-Babar
Leti,leti1246,lti,127.674,-8.19808,Austronesian,Timor-Babar
Luang,luan1263,lex,128.699649,-8.178702,Austronesian,Timor-Babar
Moa,TEMP0005,lex,127.941222,-8.177334,Austronesian,Timor-Babar
Roma,roma1332,rmm,127.428,-7.58643,Austronesian,Timor-Babar
Wetan,weta1243,lex,129.539134,-7.905089,Austronesian,Timor-Babar
Makuva,maku1277,lva,127.20985,-8.37517,Austronesian,Timor-Babar
Selaru,sela1259,slu,130.961,-8.18376,Austronesian,Timor-Babar
Nila,nila1244,nil,129.512131,-6.734956,Austronesian,Timor-Babar
Serua,seru1245,srw,130.017294,-6.31107,Austronesian,Timor-Babar
Teun,teun1241,tve,129.143718,-6.97086,Austronesian,Timor-Babar
Dadua,TEMP0026,,125.628794,-8.145193,Austronesian,Timor-Babar
Rahesuk,TEMP0027,,125.576,-8.22674,Austronesian,Timor-Babar
Raklungu,TEMP0028,,125.516156,-8.266149,Austronesian,Timor-Babar
Rasua,TEMP0029,,125.600533,-8.194276,Austronesian,Timor-Babar
Galolen,galo1243,gal,126.01543,-8.57052,Austronesian,Timor-Babar
Talur,talu1239,ilw,126.336,-7.88553,Austronesian,Timor-Babar
Aputai,aput1237,apx,126.23869,-7.73749,Austronesian,Timor-Babar
Ili'uun,iliu1237,ilu,125.902,-7.84385,Austronesian,Timor-Babar
Perai,pera1257,wet,126.576,-7.62349,Austronesian,Timor-Babar
Tugun,tugu1245,tzn,126.7,-7.72555,Austronesian,Timor-Babar
Makatian,maka1307,,131.24114,-7.59051,Austronesian,Timor-Babar
Seluwasan,selu1242,sws,131.17654,-7.83532,Austronesian,Timor-Babar
C Mambae,TEMP0008,mgm,125.61811,-8.77024,Austronesian,C Timor
Kemak,kema1243,kem,125.2058,-8.89994,Austronesian,C Timor
NW Mambae,TEMP0009,mgm,125.38763,-8.75893,Austronesian,C Timor
S Mambae,mamb1306,mgm,125.61952,-9.08795,Austronesian,C Timor
Tokodede,tuku1254,tkd,125.22856,-8.66244,Austronesian,C Timor
Welaun,wela1235,wlh,125.052053,-9.00389,Austronesian,C Timor
Bima,bima1247,bhp,118.822779,-8.562757,Austronesian,Bima-Lembata
Ende,ende1246,end,121.555,-8.70998,Austronesian,Bima-Lembata
Keo,keoo1238,xxk,121.256,-8.8704,Austronesian,Bima-Lembata
Lio,lioo1240,ljl,121.832,-8.68615,Austronesian,Bima-Lembata
Nage,nage1237,nxe,121.2734,-8.64896,Austronesian,Bima-Lembata
Ngadha,ngad1261,nxg,120.9342,-8.78491,Austronesian,Bima-Lembata
"Ngadha, Eastern",east2464,nea,121.06611,-8.8401,Austronesian,Bima-Lembata
Nga'o,ngao1245,,121.46319,-8.70415,Austronesian,Bima-Lembata
Palu'e,palu1252,ple,121.718,-8.32877,Austronesian,Bima-Lembata
Rembong,remb1250,reb,120.89112,-8.51167,Austronesian,Bima-Lembata
Rongga,rong1269,ror,120.702,-8.84604,Austronesian,Bima-Lembata
So'a,soaa1237 ,ssq,121.06072,-8.69338,Austronesian,Bima-Lembata
Waerana,waer1237,wrx,120.79819,-8.76494,Austronesian,Bima-Lembata
C Manggarai,cent2073,,120.49463,-8.5892,Austronesian,Bima-Lembata
E Manggarai,east2463,,120.71831,-8.48535,Austronesian,Bima-Lembata
Komodo,komo1261,kvh,119.444609,-8.58498,Austronesian,Bima-Lembata
Manggarai,mang1405,mqy,120.329,-8.55748,Austronesian,Bima-Lembata
Riung,riun1237,riu,121.06207,-8.51167,Austronesian,Bima-Lembata
W Manggarai,west2537,,119.99668,-8.64512,Austronesian,Bima-Lembata
WC Manggarai,west2536,,120.23367,-8.47736,Austronesian,Bima-Lembata
Kepo',kepo1237,kuk,120.80751,-8.57588,Austronesian,Bima-Lembata
Manus,TEMP0018,,120.73162,-8.67973,Austronesian,Bima-Lembata
Rajong,rajo1237,rjg,120.84346,-8.65044,Austronesian,Bima-Lembata
Central Lembata,levu1239,lvu,123.44,-8.47094,Austronesian,Bima-Lembata
Labalekan,west2541,lmj,123.27228,-8.52782,Austronesian,Bima-Lembata
Painara,sout2896,lmf,123.531,-8.49783,Austronesian,Bima-Lembata
Lamatuka,lama1279,lmq,123.586,-8.39374,Austronesian,Bima-Lembata
Lewo Eleng,lewo1243,lwe,123.652,-8.35741,Austronesian,Bima-Lembata
Kedang,keda1252,ksx,123.77,-8.23039,Austronesian,Bima-Lembata
Sika,sika1262,ski,122.38,-8.67302,Austronesian,Bima-Lembata
Adonara Lamaholot,adon1237,adr,123.159,-8.32027,Austronesian,Bima-Lembata
"Alorese, Pandai",alor1247,aol,124.264,-8.20382,Austronesian,Bima-Lembata
Ile Ape Lamaholot,ilea1237,ila,123.47957,-8.29091,Austronesian,Bima-Lembata
Ile Mandiri Lamaholot,nucl1534,slp,122.85702,-8.33937,Austronesian,Bima-Lembata
Kawela,kawe1241,,123.32208,-8.44571,Austronesian,Bima-Lembata
Lamalera,lama1278,lmr,123.442,-8.53225,Austronesian,Bima-Lembata
Lebatukan,leba1240,,123.46207,-8.38245,Austronesian,Bima-Lembata
Lewotobi Lamaholot,lewo1244,lwt,122.76549,-8.53859,Austronesian,Bima-Lembata
Pukaunu,puka1244,,122.70761,-8.43225,Austronesian,Bima-Lembata
Solor Lamaholot,west2543,slp,122.92727,-8.54433,Austronesian,Bima-Lembata
Dhao,dhao1237,nfa,122.658,-10.8098,Austronesian,Bima-Lembata
Hawu,sabu1255,hvn,121.847,-10.5522,Austronesian,Bima-Lembata
Kambera,kamb1299,xbr,120.36149,-9.93127,Austronesian,Bima-Lembata
Kanatang-Kapunduk,kana1287,,120.05792,-9.51321,Austronesian,Bima-Lembata
Lewa,lewa1240,,119.91945,-9.75553,Austronesian,Bima-Lembata
Mamboru,mamb1305,mvd,119.52269,-9.42799,Austronesian,Bima-Lembata
Mangili/Rindi,mang1406,,120.652,-10.138,Austronesian,Bima-Lembata
Rindi,TEMP0019,,120.69434,-10.06708,Austronesian,Bima-Lembata
Tabundung,TEMP0020,,120.07124,-9.99785,Austronesian,Bima-Lembata
Umbu Ratu Nggai,umar1237,,119.69844,-9.56913,Austronesian,Bima-Lembata
Anakalang,anak1240,akg,119.53866,-9.65167,Austronesian,Bima-Lembata
Kodi,kodi1247,kod,119.03272,-9.54782,Austronesian,Bima-Lembata
Laboya,lamb1273,lmy,119.27238,-9.71292,Austronesian,Bima-Lembata
Loli,laul1237,,119.44546,-9.55847,Austronesian,Bima-Lembata
Loura,laur1249,lur,119.26173,-9.42001,Austronesian,Bima-Lembata
Wanukaka,wanu1241,wnk,119.45345,-9.71825,Austronesian,Bima-Lembata
Weyewa,weje1237,wew,119.24043,-9.5638,Austronesian,Bima-Lembata
Abui,abui1241,abz,124.588,-8.31058,Timor-Alor-Pantar,AP
Adang,adan1251,adn,124.448,-8.18958,Timor-Alor-Pantar,AP
Blagar,blag1240,beu,124.29598,-8.25226,Timor-Alor-Pantar,AP
Di'ang,dein1238,,124.16184,-8.38274,Timor-Alor-Pantar,AP
Hamap,hama1240,hmu,124.48327,-8.26161,Timor-Alor-Pantar,AP
Kabola,kabo1247,klz,124.539,-8.17316,Timor-Alor-Pantar,AP
Kaera,kaer1234,jka,124.26951,-8.31157,Timor-Alor-Pantar,AP
Kafoa,kafo1240,kpu,124.42808,-8.32543,Timor-Alor-Pantar,AP
Kamang,kama1365,woi,124.792,-8.26897,Timor-Alor-Pantar,AP
Kiramang,kira1248,,124.7577,-8.37271,Timor-Alor-Pantar,AP
Klamu,nede1245,nec,124.18191,-8.28511,Timor-Alor-Pantar,AP
Klon,kelo1247,kyo,124.429,-8.40688,Timor-Alor-Pantar,AP
Kui,kuii1253,kvd,124.56767,-8.43293,Timor-Alor-Pantar,AP
Kula,kula1280,tpg,124.9783,-8.21165,Timor-Alor-Pantar,AP
Lamma,TEMP0030,,124.0131,-8.37727,Timor-Alor-Pantar,AP
Mauta,TEMP0031,,124.11895,-8.4959,Timor-Alor-Pantar,AP
"Pantar, Western",lamm1241,lev,124.057,-8.52787,Timor-Alor-Pantar,AP
Papuna,TEMP0032,,124.71413,-8.36107,Timor-Alor-Pantar,AP
Reta,rett1240,ret,124.35985,-8.30974,Timor-Alor-Pantar,AP
Sar,sarr1247,,124.19282,-8.33927,Timor-Alor-Pantar,AP
Sawila,sawi1256,swt,125.078,-8.29105,Timor-Alor-Pantar,AP
Suboo,sibo1242,,124.72,-8.27,Timor-Alor-Pantar,AP
Teiwa,teiw1235,twe,124.22024,-8.29971,Timor-Alor-Pantar,AP
Tereweng,tere1277,twg,124.28069,-8.47856,Timor-Alor-Pantar,AP
Tubbe,tuba1277,,124.08701,-8.42837,Timor-Alor-Pantar,AP
Wersing,wers1238,kvw,124.95093,-8.34853,Timor-Alor-Pantar,AP
Bunak,buna1278,bfn,125.27765,-9.1607,Timor-Alor-Pantar,Bunak
Fataluku,fata1247,ddg,127.08,-8.49464,Timor-Alor-Pantar,Timor
Makalero,TEMP0006,mjb,126.824753,-8.707845,Timor-Alor-Pantar,Timor
Makasae,maka1316,mkz,126.507,-8.65843,Timor-Alor-Pantar,Timor
Oirata,oira1263,oia,127.213734,-8.093678,Timor-Alor-Pantar,Timor
Sa'ani,TEMP0007,mkz,126.83118,-8.56169,Timor-Alor-Pantar,Timor
